/*
SQLyog Ultimate v12.09 (64 bit)
MySQL - 5.6.22-log : Database - mall_invest
*********************************************************************
*/

/*!40101 SET NAMES utf8 */;

/*!40101 SET SQL_MODE=''*/;

/*!40014 SET @OLD_UNIQUE_CHECKS=@@UNIQUE_CHECKS, UNIQUE_CHECKS=0 */;
/*!40014 SET @OLD_FOREIGN_KEY_CHECKS=@@FOREIGN_KEY_CHECKS, FOREIGN_KEY_CHECKS=0 */;
/*!40101 SET @OLD_SQL_MODE=@@SQL_MODE, SQL_MODE='NO_AUTO_VALUE_ON_ZERO' */;
/*!40111 SET @OLD_SQL_NOTES=@@SQL_NOTES, SQL_NOTES=0 */;
CREATE DATABASE /*!32312 IF NOT EXISTS*/`mall_invest` /*!40100 DEFAULT CHARACTER SET utf8 */;

USE `mall_invest`;

/*Table structure for table `invest_biztype` */

DROP TABLE IF EXISTS `invest_biztype`;

CREATE TABLE `invest_biztype` (
  `uuid` varchar(38) NOT NULL COMMENT '唯一标识',
  `code` varchar(32) NOT NULL COMMENT '代码',
  `name` varchar(64) NOT NULL COMMENT '名称',
  `state` varchar(16) NOT NULL COMMENT '状态',
  `remark` varchar(1024) DEFAULT NULL COMMENT '说明',
  PRIMARY KEY (`uuid`),
  KEY `idx_biztype_1` (`code`)
) ENGINE=InnoDB DEFAULT CHARSET=utf8 COMMENT='业态表';

/*Data for the table `invest_biztype` */

insert  into `invest_biztype`(`uuid`,`code`,`name`,`state`,`remark`) values ('1241241710484492288','0001','服饰','using','服饰业态'),('1243770490482548736','0002','餐饮','using',NULL),('1243770558593851392','0003','首饰','using',NULL),('1243770609584005120','0004','电影','using','');

/*Table structure for table `invest_brand` */

DROP TABLE IF EXISTS `invest_brand`;

CREATE TABLE `invest_brand` (
  `uuid` varchar(38) NOT NULL COMMENT '唯一标识',
  `code` varchar(32) NOT NULL COMMENT '代码',
  `name` varchar(64) NOT NULL COMMENT '名称',
  `state` varchar(16) NOT NULL COMMENT '状态',
  `remark` varchar(1024) DEFAULT NULL COMMENT '说明',
  PRIMARY KEY (`uuid`),
  KEY `idx_brand_1` (`code`)
) ENGINE=InnoDB DEFAULT CHARSET=utf8 COMMENT='品牌表';

/*Data for the table `invest_brand` */

insert  into `invest_brand`(`uuid`,`code`,`name`,`state`,`remark`) values ('1241237839259357184','0001','耐克','using','这是耐克'),('1243770074550198272','0002','优衣库','using',NULL),('1243770128728023040','0003','Adidas','using',NULL),('1243770173284114432','0004','万达影院','using',NULL),('1243770222894342144','0005','海底捞','using','火锅'),('1243770379769700352','0006','周生生','using','黄金');

/*Table structure for table `invest_building` */

DROP TABLE IF EXISTS `invest_building`;

CREATE TABLE `invest_building` (
  `uuid` varchar(38) NOT NULL COMMENT '唯一标识',
  `store_uuid` varchar(38) NOT NULL COMMENT '项目uuid',
  `code` varchar(32) NOT NULL COMMENT '代码',
  `name` varchar(64) NOT NULL COMMENT '名称',
  `state` varchar(16) NOT NULL COMMENT '状态',
  `remark` varchar(1024) DEFAULT NULL COMMENT '说明',
  PRIMARY KEY (`uuid`),
  KEY `idx_building_1` (`store_uuid`)
) ENGINE=InnoDB DEFAULT CHARSET=utf8 COMMENT='楼宇表';

/*Data for the table `invest_building` */

insert  into `invest_building`(`uuid`,`store_uuid`,`code`,`name`,`state`,`remark`) values ('1241013548131500032','1241011323703345152','0001','楼宇0001','using','第一个楼宇，见证奇迹的时刻到了。到了到了。'),('1243768160898998272','1243767915607711744','0002','A座','using','123'),('1243768219891884032','1243767915607711744','0003','B座','using',NULL);

/*Table structure for table `invest_contract` */

DROP TABLE IF EXISTS `invest_contract`;

CREATE TABLE `invest_contract` (
  `uuid` varchar(38) NOT NULL COMMENT '唯一标识',
  `serial_number` varchar(32) NOT NULL COMMENT '合同号',
  `signboard` varchar(255) NOT NULL COMMENT '店招',
  `state` varchar(16) NOT NULL COMMENT '状态',
  `store_uuid` varchar(38) NOT NULL COMMENT '项目uuid（甲方）',
  `tenant_uuid` varchar(38) NOT NULL COMMENT '商户uuid（乙方）',
  `building_uuid` varchar(38) NOT NULL COMMENT '楼宇uuid',
  `floor_uuid` varchar(38) NOT NULL COMMENT '楼层uuid',
  `position_uuid` varchar(38) NOT NULL COMMENT '铺位uuid',
  `brand_uuid` varchar(38) NOT NULL COMMENT '品牌uuid',
  `biztype_uuid` varchar(38) NOT NULL COMMENT '业态uuid',
  `begin_date` date NOT NULL COMMENT '合同起始日期',
  `end_date` date NOT NULL COMMENT '合同结束日期',
  `month_rent` decimal(19,2) NOT NULL COMMENT '月租金',
  `subject_uuid` varchar(38) NOT NULL COMMENT '科目uuid',
  `sales_rate` decimal(19,4) NOT NULL COMMENT '销售提成率',
  `remark` varchar(1024) DEFAULT NULL COMMENT '说明',
  `tax_rate` decimal(19,4) NOT NULL COMMENT '科目税率',
  PRIMARY KEY (`uuid`),
  KEY `idx_contract_1` (`store_uuid`,`tenant_uuid`)
) ENGINE=InnoDB DEFAULT CHARSET=utf8 COMMENT='合同表';

/*Data for the table `invest_contract` */

insert  into `invest_contract`(`uuid`,`serial_number`,`signboard`,`state`,`store_uuid`,`tenant_uuid`,`building_uuid`,`floor_uuid`,`position_uuid`,`brand_uuid`,`biztype_uuid`,`begin_date`,`end_date`,`month_rent`,`subject_uuid`,`sales_rate`,`remark`,`tax_rate`) values ('1241362100825239552','1241362100678438912','耐克','effect','1241011323703345152','1241248298075152384','1241013548131500032','1241191277921525760','1241204436640157696','1241237839259357184','1241241710484492288','2019-08-31','2020-03-30','10000.00','1241267802272423936','0.0500','第一份合同，见证奇迹的时刻到了。','0.0500'),('1243771286259458048','1243771286100074496','海底捞','effect','1243767915607711744','1243770904154169344','1243768160898998272','1243769034610270208','1243769978039263232','1243770222894342144','1243770490482548736','2019-01-01','2023-12-31','120000.00','1241267802272423936','0.0800','','0.0500'),('1243773033635880960','1243773033497468928','Adidas','effect','1243767915607711744','1243770770397814784','1243768160898998272','1243768902229647360','1243769734874488832','1243770128728023040','1241241710484492288','2020-01-01','2022-12-31','200000.00','1241267802272423936','0.1000','Adidas','0.0500');

/*Table structure for table `invest_floor` */

DROP TABLE IF EXISTS `invest_floor`;

CREATE TABLE `invest_floor` (
  `uuid` varchar(38) NOT NULL COMMENT '唯一标识',
  `store_uuid` varchar(38) NOT NULL COMMENT '项目uuid',
  `building_uuid` varchar(38) NOT NULL COMMENT '楼宇uuid',
  `code` varchar(32) NOT NULL COMMENT '代码',
  `name` varchar(64) NOT NULL COMMENT '名称',
  `state` varchar(16) NOT NULL COMMENT '状态',
  `remark` varchar(1024) DEFAULT NULL COMMENT '说明',
  PRIMARY KEY (`uuid`),
  KEY `idx_floor_1` (`store_uuid`,`building_uuid`)
) ENGINE=InnoDB DEFAULT CHARSET=utf8 COMMENT='楼层表';

/*Data for the table `invest_floor` */

insert  into `invest_floor`(`uuid`,`store_uuid`,`building_uuid`,`code`,`name`,`state`,`remark`) values ('1241191277921525760','1241011323703345152','1241013548131500032','0001','楼层0001','using','第一个楼层，见证奇迹的时刻到了。'),('1243768643789217792','1243767915607711744','1243768160898998272','F2','负二层','using',NULL),('1243768802421989376','1243767915607711744','1243768160898998272','F1','负1层','using',NULL),('1243768902229647360','1243767915607711744','1243768160898998272','01','一层','using',NULL),('1243768950170542080','1243767915607711744','1243768160898998272','02','二层','using',NULL),('1243768991270526976','1243767915607711744','1243768160898998272','03','三层','using',NULL),('1243769034610270208','1243767915607711744','1243768160898998272','04','四层','using',NULL),('1243769125471477760','1243767915607711744','1243768219891884032','F3','负三层','using',NULL);

/*Table structure for table `invest_position` */

DROP TABLE IF EXISTS `invest_position`;

CREATE TABLE `invest_position` (
  `uuid` varchar(38) NOT NULL COMMENT '唯一标识',
  `store_uuid` varchar(38) NOT NULL COMMENT '项目uuid',
  `building_uuid` varchar(38) NOT NULL COMMENT '楼宇uuid',
  `floor_uuid` varchar(38) NOT NULL COMMENT '楼层uuid',
  `code` varchar(32) NOT NULL COMMENT '代码',
  `name` varchar(64) NOT NULL COMMENT '名称',
  `state` varchar(16) NOT NULL COMMENT '状态',
  `remark` varchar(1024) DEFAULT NULL COMMENT '说明',
  PRIMARY KEY (`uuid`),
  KEY `idx_position_1` (`store_uuid`,`building_uuid`,`floor_uuid`)
) ENGINE=InnoDB DEFAULT CHARSET=utf8 COMMENT='位置表';

/*Data for the table `invest_position` */

insert  into `invest_position`(`uuid`,`store_uuid`,`building_uuid`,`floor_uuid`,`code`,`name`,`state`,`remark`) values ('1241204436640157696','1241011323703345152','1241013548131500032','1241191277921525760','0001','铺位0001','using','第一个铺位，见证奇迹的时刻到了。'),('1243769734874488832','1243767915607711744','1243768160898998272','1243768902229647360','P001','一楼正铺001','using',NULL),('1243769796111327232','1243767915607711744','1243768160898998272','1243768902229647360','P02','一楼正铺002','using','123'),('1243769978039263232','1243767915607711744','1243768160898998272','1243769034610270208','P001','四楼正铺0001','using',NULL);

/*Table structure for table `invest_settle_detail` */

DROP TABLE IF EXISTS `invest_settle_detail`;

CREATE TABLE `invest_settle_detail` (
  `uuid` varchar(38) NOT NULL COMMENT '唯一标识',
  `store_uuid` varchar(38) NOT NULL COMMENT '项目uuid',
  `tenant_uuid` varchar(38) NOT NULL COMMENT '商户uuid',
  `contract_uuid` varchar(38) NOT NULL COMMENT '合同uuid',
  `begin_date` date NOT NULL COMMENT '账期开始日期',
  `end_date` date NOT NULL COMMENT '账期结束日期',
  `total` decimal(19,2) NOT NULL COMMENT '本期出账金额',
  `tax` decimal(19,2) NOT NULL COMMENT '本期出账税额',
  `subject_uuid` varchar(38) NOT NULL COMMENT '科目uuid',
  `sales_rate` decimal(19,4) NOT NULL COMMENT '销售提成率',
  `tax_rate` decimal(19,4) NOT NULL COMMENT '科目税率',
  `statement_uuid` varchar(38) NOT NULL COMMENT '账单uuid，为-表示未出账',
  PRIMARY KEY (`uuid`),
  KEY `idx_detail_1` (`contract_uuid`)
) ENGINE=InnoDB DEFAULT CHARSET=utf8 COMMENT='合同结算明细表';

/*Data for the table `invest_settle_detail` */

insert  into `invest_settle_detail`(`uuid`,`store_uuid`,`tenant_uuid`,`contract_uuid`,`begin_date`,`end_date`,`total`,`tax`,`subject_uuid`,`sales_rate`,`tax_rate`,`statement_uuid`) values ('1241362171822223360','1241011323703345152','1241248298075152384','1241362100825239552','2019-08-31','2019-09-01','322.58','16.13','1241267802272423936','0.0500','0.0500','1242799175114129408'),('1241362250142461952','1241011323703345152','1241248298075152384','1241362100825239552','2019-09-01','2019-10-01','10000.00','500.00','1241267802272423936','0.0500','0.0500','-'),('1241362250289262592','1241011323703345152','1241248298075152384','1241362100825239552','2019-10-01','2019-11-01','10000.00','500.00','1241267802272423936','0.0500','0.0500','-'),('1241362250440257536','1241011323703345152','1241248298075152384','1241362100825239552','2019-11-01','2019-12-01','10000.00','500.00','1241267802272423936','0.0500','0.0500','-'),('1241362250587058176','1241011323703345152','1241248298075152384','1241362100825239552','2019-12-01','2020-01-01','10000.00','500.00','1241267802272423936','0.0500','0.0500','-'),('1241362250738053120','1241011323703345152','1241248298075152384','1241362100825239552','2020-01-01','2020-02-01','10000.00','500.00','1241267802272423936','0.0500','0.0500','-'),('1241362250880659456','1241011323703345152','1241248298075152384','1241362100825239552','2020-02-01','2020-03-01','10000.00','500.00','1241267802272423936','0.0500','0.0500','-'),('1241362251027460096','1241011323703345152','1241248298075152384','1241362100825239552','2020-03-01','2020-03-31','9677.42','483.87','1241267802272423936','0.0500','0.0500','-'),('1243772679288496128','1243767915607711744','1243770904154169344','1243771286259458048','2019-01-01','2019-02-01','120000.00','6000.00','1241267802272423936','0.0800','0.0500','-'),('1243772679431102464','1243767915607711744','1243770904154169344','1243771286259458048','2019-02-01','2019-03-01','120000.00','6000.00','1241267802272423936','0.0800','0.0500','-'),('1243772679582097408','1243767915607711744','1243770904154169344','1243771286259458048','2019-03-01','2019-04-01','120000.00','6000.00','1241267802272423936','0.0800','0.0500','-'),('1243772679720509440','1243767915607711744','1243770904154169344','1243771286259458048','2019-04-01','2019-05-01','120000.00','6000.00','1241267802272423936','0.0800','0.0500','-'),('1243772679858921472','1243767915607711744','1243770904154169344','1243771286259458048','2019-05-01','2019-06-01','120000.00','6000.00','1241267802272423936','0.0800','0.0500','-'),('1243772680001527808','1243767915607711744','1243770904154169344','1243771286259458048','2019-06-01','2019-07-01','120000.00','6000.00','1241267802272423936','0.0800','0.0500','-'),('1243772680148328448','1243767915607711744','1243770904154169344','1243771286259458048','2019-07-01','2019-08-01','120000.00','6000.00','1241267802272423936','0.0800','0.0500','-'),('1243772680311906304','1243767915607711744','1243770904154169344','1243771286259458048','2019-08-01','2019-09-01','120000.00','6000.00','1241267802272423936','0.0800','0.0500','-'),('1243772680446124032','1243767915607711744','1243770904154169344','1243771286259458048','2019-09-01','2019-10-01','120000.00','6000.00','1241267802272423936','0.0800','0.0500','-'),('1243772680588730368','1243767915607711744','1243770904154169344','1243771286259458048','2019-10-01','2019-11-01','120000.00','6000.00','1241267802272423936','0.0800','0.0500','-'),('1243772680727142400','1243767915607711744','1243770904154169344','1243771286259458048','2019-11-01','2019-12-01','120000.00','6000.00','1241267802272423936','0.0800','0.0500','-'),('1243772680865554432','1243767915607711744','1243770904154169344','1243771286259458048','2019-12-01','2020-01-01','120000.00','6000.00','1241267802272423936','0.0800','0.0500','-'),('1243772681003966464','1243767915607711744','1243770904154169344','1243771286259458048','2020-01-01','2020-02-01','120000.00','6000.00','1241267802272423936','0.0800','0.0500','-'),('1243772681142378496','1243767915607711744','1243770904154169344','1243771286259458048','2020-02-01','2020-03-01','120000.00','6000.00','1241267802272423936','0.0800','0.0500','-'),('1243772681284984832','1243767915607711744','1243770904154169344','1243771286259458048','2020-03-01','2020-04-01','120000.00','6000.00','1241267802272423936','0.0800','0.0500','-'),('1243772681423396864','1243767915607711744','1243770904154169344','1243771286259458048','2020-04-01','2020-05-01','120000.00','6000.00','1241267802272423936','0.0800','0.0500','-'),('1243772681561808896','1243767915607711744','1243770904154169344','1243771286259458048','2020-05-01','2020-06-01','120000.00','6000.00','1241267802272423936','0.0800','0.0500','-'),('1243772681696026624','1243767915607711744','1243770904154169344','1243771286259458048','2020-06-01','2020-07-01','120000.00','6000.00','1241267802272423936','0.0800','0.0500','-'),('1243772681834438656','1243767915607711744','1243770904154169344','1243771286259458048','2020-07-01','2020-08-01','120000.00','6000.00','1241267802272423936','0.0800','0.0500','-'),('1243772681968656384','1243767915607711744','1243770904154169344','1243771286259458048','2020-08-01','2020-09-01','120000.00','6000.00','1241267802272423936','0.0800','0.0500','-'),('1243772682107068416','1243767915607711744','1243770904154169344','1243771286259458048','2020-09-01','2020-10-01','120000.00','6000.00','1241267802272423936','0.0800','0.0500','-'),('1243772682241286144','1243767915607711744','1243770904154169344','1243771286259458048','2020-10-01','2020-11-01','120000.00','6000.00','1241267802272423936','0.0800','0.0500','-'),('1243772682375503872','1243767915607711744','1243770904154169344','1243771286259458048','2020-11-01','2020-12-01','120000.00','6000.00','1241267802272423936','0.0800','0.0500','-'),('1243772682518110208','1243767915607711744','1243770904154169344','1243771286259458048','2020-12-01','2021-01-01','120000.00','6000.00','1241267802272423936','0.0800','0.0500','-'),('1243772682660716544','1243767915607711744','1243770904154169344','1243771286259458048','2021-01-01','2021-02-01','120000.00','6000.00','1241267802272423936','0.0800','0.0500','-'),('1243772682794934272','1243767915607711744','1243770904154169344','1243771286259458048','2021-02-01','2021-03-01','120000.00','6000.00','1241267802272423936','0.0800','0.0500','-'),('1243772682937540608','1243767915607711744','1243770904154169344','1243771286259458048','2021-03-01','2021-04-01','120000.00','6000.00','1241267802272423936','0.0800','0.0500','-'),('1243772683075952640','1243767915607711744','1243770904154169344','1243771286259458048','2021-04-01','2021-05-01','120000.00','6000.00','1241267802272423936','0.0800','0.0500','-'),('1243772683218558976','1243767915607711744','1243770904154169344','1243771286259458048','2021-05-01','2021-06-01','120000.00','6000.00','1241267802272423936','0.0800','0.0500','-'),('1243772683369553920','1243767915607711744','1243770904154169344','1243771286259458048','2021-06-01','2021-07-01','120000.00','6000.00','1241267802272423936','0.0800','0.0500','-'),('1243772683520548864','1243767915607711744','1243770904154169344','1243771286259458048','2021-07-01','2021-08-01','120000.00','6000.00','1241267802272423936','0.0800','0.0500','-'),('1243772683675738112','1243767915607711744','1243770904154169344','1243771286259458048','2021-08-01','2021-09-01','120000.00','6000.00','1241267802272423936','0.0800','0.0500','-'),('1243772683826733056','1243767915607711744','1243770904154169344','1243771286259458048','2021-09-01','2021-10-01','120000.00','6000.00','1241267802272423936','0.0800','0.0500','-'),('1243772683969339392','1243767915607711744','1243770904154169344','1243771286259458048','2021-10-01','2021-11-01','120000.00','6000.00','1241267802272423936','0.0800','0.0500','-'),('1243772684120334336','1243767915607711744','1243770904154169344','1243771286259458048','2021-11-01','2021-12-01','120000.00','6000.00','1241267802272423936','0.0800','0.0500','-'),('1243772684271329280','1243767915607711744','1243770904154169344','1243771286259458048','2021-12-01','2022-01-01','120000.00','6000.00','1241267802272423936','0.0800','0.0500','-'),('1243772684413935616','1243767915607711744','1243770904154169344','1243771286259458048','2022-01-01','2022-02-01','120000.00','6000.00','1241267802272423936','0.0800','0.0500','-'),('1243772684556541952','1243767915607711744','1243770904154169344','1243771286259458048','2022-02-01','2022-03-01','120000.00','6000.00','1241267802272423936','0.0800','0.0500','-'),('1243772684707536896','1243767915607711744','1243770904154169344','1243771286259458048','2022-03-01','2022-04-01','120000.00','6000.00','1241267802272423936','0.0800','0.0500','-'),('1243772684845948928','1243767915607711744','1243770904154169344','1243771286259458048','2022-04-01','2022-05-01','120000.00','6000.00','1241267802272423936','0.0800','0.0500','-'),('1243772685072441344','1243767915607711744','1243770904154169344','1243771286259458048','2022-05-01','2022-06-01','120000.00','6000.00','1241267802272423936','0.0800','0.0500','-'),('1243772685277962240','1243767915607711744','1243770904154169344','1243771286259458048','2022-06-01','2022-07-01','120000.00','6000.00','1241267802272423936','0.0800','0.0500','-'),('1243772685416374272','1243767915607711744','1243770904154169344','1243771286259458048','2022-07-01','2022-08-01','120000.00','6000.00','1241267802272423936','0.0800','0.0500','-'),('1243772685554786304','1243767915607711744','1243770904154169344','1243771286259458048','2022-08-01','2022-09-01','120000.00','6000.00','1241267802272423936','0.0800','0.0500','-'),('1243772685689004032','1243767915607711744','1243770904154169344','1243771286259458048','2022-09-01','2022-10-01','120000.00','6000.00','1241267802272423936','0.0800','0.0500','-'),('1243772685819027456','1243767915607711744','1243770904154169344','1243771286259458048','2022-10-01','2022-11-01','120000.00','6000.00','1241267802272423936','0.0800','0.0500','-'),('1243772685949050880','1243767915607711744','1243770904154169344','1243771286259458048','2022-11-01','2022-12-01','120000.00','6000.00','1241267802272423936','0.0800','0.0500','-'),('1243772686083268608','1243767915607711744','1243770904154169344','1243771286259458048','2022-12-01','2023-01-01','120000.00','6000.00','1241267802272423936','0.0800','0.0500','-'),('1243772686221680640','1243767915607711744','1243770904154169344','1243771286259458048','2023-01-01','2023-02-01','120000.00','6000.00','1241267802272423936','0.0800','0.0500','-'),('1243772686355898368','1243767915607711744','1243770904154169344','1243771286259458048','2023-02-01','2023-03-01','120000.00','6000.00','1241267802272423936','0.0800','0.0500','-'),('1243772686494310400','1243767915607711744','1243770904154169344','1243771286259458048','2023-03-01','2023-04-01','120000.00','6000.00','1241267802272423936','0.0800','0.0500','-'),('1243772686632722432','1243767915607711744','1243770904154169344','1243771286259458048','2023-04-01','2023-05-01','120000.00','6000.00','1241267802272423936','0.0800','0.0500','-'),('1243772686771134464','1243767915607711744','1243770904154169344','1243771286259458048','2023-05-01','2023-06-01','120000.00','6000.00','1241267802272423936','0.0800','0.0500','-'),('1243772686913740800','1243767915607711744','1243770904154169344','1243771286259458048','2023-06-01','2023-07-01','120000.00','6000.00','1241267802272423936','0.0800','0.0500','-'),('1243772687052152832','1243767915607711744','1243770904154169344','1243771286259458048','2023-07-01','2023-08-01','120000.00','6000.00','1241267802272423936','0.0800','0.0500','-'),('1243772687186370560','1243767915607711744','1243770904154169344','1243771286259458048','2023-08-01','2023-09-01','120000.00','6000.00','1241267802272423936','0.0800','0.0500','-'),('1243772687316393984','1243767915607711744','1243770904154169344','1243771286259458048','2023-09-01','2023-10-01','120000.00','6000.00','1241267802272423936','0.0800','0.0500','-'),('1243772687454806016','1243767915607711744','1243770904154169344','1243771286259458048','2023-10-01','2023-11-01','120000.00','6000.00','1241267802272423936','0.0800','0.0500','-'),('1243772687584829440','1243767915607711744','1243770904154169344','1243771286259458048','2023-11-01','2023-12-01','120000.00','6000.00','1241267802272423936','0.0800','0.0500','-'),('1243772687794544640','1243767915607711744','1243770904154169344','1243771286259458048','2023-12-01','2024-01-01','120000.00','6000.00','1241267802272423936','0.0800','0.0500','-'),('1243773047976206336','1243767915607711744','1243770770397814784','1243773033635880960','2020-01-01','2020-02-01','200000.00','10000.00','1241267802272423936','0.1000','0.0500','-'),('1243773048114618368','1243767915607711744','1243770770397814784','1243773033635880960','2020-02-01','2020-03-01','200000.00','10000.00','1241267802272423936','0.1000','0.0500','-'),('1243773048244641792','1243767915607711744','1243770770397814784','1243773033635880960','2020-03-01','2020-04-01','200000.00','10000.00','1241267802272423936','0.1000','0.0500','-'),('1243773048383053824','1243767915607711744','1243770770397814784','1243773033635880960','2020-04-01','2020-05-01','200000.00','10000.00','1241267802272423936','0.1000','0.0500','-'),('1243773048517271552','1243767915607711744','1243770770397814784','1243773033635880960','2020-05-01','2020-06-01','200000.00','10000.00','1241267802272423936','0.1000','0.0500','-'),('1243773048659877888','1243767915607711744','1243770770397814784','1243773033635880960','2020-06-01','2020-07-01','200000.00','10000.00','1241267802272423936','0.1000','0.0500','-'),('1243773048802484224','1243767915607711744','1243770770397814784','1243773033635880960','2020-07-01','2020-08-01','200000.00','10000.00','1241267802272423936','0.1000','0.0500','-'),('1243773048936701952','1243767915607711744','1243770770397814784','1243773033635880960','2020-08-01','2020-09-01','200000.00','10000.00','1241267802272423936','0.1000','0.0500','-'),('1243773049070919680','1243767915607711744','1243770770397814784','1243773033635880960','2020-09-01','2020-10-01','200000.00','10000.00','1241267802272423936','0.1000','0.0500','-'),('1243773049209331712','1243767915607711744','1243770770397814784','1243773033635880960','2020-10-01','2020-11-01','200000.00','10000.00','1241267802272423936','0.1000','0.0500','-'),('1243773049347743744','1243767915607711744','1243770770397814784','1243773033635880960','2020-11-01','2020-12-01','200000.00','10000.00','1241267802272423936','0.1000','0.0500','-'),('1243773049490350080','1243767915607711744','1243770770397814784','1243773033635880960','2020-12-01','2021-01-01','200000.00','10000.00','1241267802272423936','0.1000','0.0500','-'),('1243773049632956416','1243767915607711744','1243770770397814784','1243773033635880960','2021-01-01','2021-02-01','200000.00','10000.00','1241267802272423936','0.1000','0.0500','-'),('1243773049775562752','1243767915607711744','1243770770397814784','1243773033635880960','2021-02-01','2021-03-01','200000.00','10000.00','1241267802272423936','0.1000','0.0500','-'),('1243773049918169088','1243767915607711744','1243770770397814784','1243773033635880960','2021-03-01','2021-04-01','200000.00','10000.00','1241267802272423936','0.1000','0.0500','-'),('1243773050064969728','1243767915607711744','1243770770397814784','1243773033635880960','2021-04-01','2021-05-01','200000.00','10000.00','1241267802272423936','0.1000','0.0500','-'),('1243773050207576064','1243767915607711744','1243770770397814784','1243773033635880960','2021-05-01','2021-06-01','200000.00','10000.00','1241267802272423936','0.1000','0.0500','-'),('1243773050354376704','1243767915607711744','1243770770397814784','1243773033635880960','2021-06-01','2021-07-01','200000.00','10000.00','1241267802272423936','0.1000','0.0500','-'),('1243773050496983040','1243767915607711744','1243770770397814784','1243773033635880960','2021-07-01','2021-08-01','200000.00','10000.00','1241267802272423936','0.1000','0.0500','-'),('1243773050639589376','1243767915607711744','1243770770397814784','1243773033635880960','2021-08-01','2021-09-01','200000.00','10000.00','1241267802272423936','0.1000','0.0500','-'),('1243773050782195712','1243767915607711744','1243770770397814784','1243773033635880960','2021-09-01','2021-10-01','200000.00','10000.00','1241267802272423936','0.1000','0.0500','-'),('1243773050928996352','1243767915607711744','1243770770397814784','1243773033635880960','2021-10-01','2021-11-01','200000.00','10000.00','1241267802272423936','0.1000','0.0500','-'),('1243773051071602688','1243767915607711744','1243770770397814784','1243773033635880960','2021-11-01','2021-12-01','200000.00','10000.00','1241267802272423936','0.1000','0.0500','-'),('1243773051214209024','1243767915607711744','1243770770397814784','1243773033635880960','2021-12-01','2022-01-01','200000.00','10000.00','1241267802272423936','0.1000','0.0500','-'),('1243773051361009664','1243767915607711744','1243770770397814784','1243773033635880960','2022-01-01','2022-02-01','200000.00','10000.00','1241267802272423936','0.1000','0.0500','-'),('1243773051503616000','1243767915607711744','1243770770397814784','1243773033635880960','2022-02-01','2022-03-01','200000.00','10000.00','1241267802272423936','0.1000','0.0500','-'),('1243773051646222336','1243767915607711744','1243770770397814784','1243773033635880960','2022-03-01','2022-04-01','200000.00','10000.00','1241267802272423936','0.1000','0.0500','-'),('1243773051784634368','1243767915607711744','1243770770397814784','1243773033635880960','2022-04-01','2022-05-01','200000.00','10000.00','1241267802272423936','0.1000','0.0500','-'),('1243773051918852096','1243767915607711744','1243770770397814784','1243773033635880960','2022-05-01','2022-06-01','200000.00','10000.00','1241267802272423936','0.1000','0.0500','-'),('1243773052082429952','1243767915607711744','1243770770397814784','1243773033635880960','2022-06-01','2022-07-01','200000.00','10000.00','1241267802272423936','0.1000','0.0500','-'),('1243773052237619200','1243767915607711744','1243770770397814784','1243773033635880960','2022-07-01','2022-08-01','200000.00','10000.00','1241267802272423936','0.1000','0.0500','-'),('1243773052376031232','1243767915607711744','1243770770397814784','1243773033635880960','2022-08-01','2022-09-01','200000.00','10000.00','1241267802272423936','0.1000','0.0500','-'),('1243773052514443264','1243767915607711744','1243770770397814784','1243773033635880960','2022-09-01','2022-10-01','200000.00','10000.00','1241267802272423936','0.1000','0.0500','-'),('1243773052661243904','1243767915607711744','1243770770397814784','1243773033635880960','2022-10-01','2022-11-01','200000.00','10000.00','1241267802272423936','0.1000','0.0500','-'),('1243773052803850240','1243767915607711744','1243770770397814784','1243773033635880960','2022-11-01','2022-12-01','200000.00','10000.00','1241267802272423936','0.1000','0.0500','-'),('1243773052946456576','1243767915607711744','1243770770397814784','1243773033635880960','2022-12-01','2023-01-01','200000.00','10000.00','1241267802272423936','0.1000','0.0500','-');

/*Table structure for table `invest_store` */

DROP TABLE IF EXISTS `invest_store`;

CREATE TABLE `invest_store` (
  `uuid` varchar(38) NOT NULL COMMENT '唯一标识',
  `code` varchar(32) NOT NULL COMMENT '代码',
  `name` varchar(64) NOT NULL COMMENT '名称',
  `state` varchar(16) NOT NULL COMMENT '状态',
  `remark` varchar(1024) DEFAULT NULL COMMENT '说明',
  PRIMARY KEY (`uuid`),
  KEY `idx_store_1` (`code`)
) ENGINE=InnoDB DEFAULT CHARSET=utf8 COMMENT='项目表';

/*Data for the table `invest_store` */

insert  into `invest_store`(`uuid`,`code`,`name`,`state`,`remark`) values ('1241011323703345152','0001','项目0001','using','第一个项目，见证奇迹的时刻到了。'),('1243767915607711744','0002','万达广场','using',NULL);

/*Table structure for table `invest_tenant` */

DROP TABLE IF EXISTS `invest_tenant`;

CREATE TABLE `invest_tenant` (
  `uuid` varchar(38) NOT NULL COMMENT '唯一标识',
  `code` varchar(32) NOT NULL COMMENT '代码',
  `name` varchar(64) NOT NULL COMMENT '名称',
  `state` varchar(16) NOT NULL COMMENT '状态',
  `remark` varchar(1024) DEFAULT NULL COMMENT '说明',
  PRIMARY KEY (`uuid`),
  KEY `idx_tenant_1` (`code`)
) ENGINE=InnoDB DEFAULT CHARSET=utf8 COMMENT='商戶表';

/*Data for the table `invest_tenant` */

insert  into `invest_tenant`(`uuid`,`code`,`name`,`state`,`remark`) values ('1241248298075152384','0001','耐克商业(中国)有限公司','using','耐克商业(中国)有限公司'),('1243770770397814784','0002','阿迪达斯(中国)有限公司','using',NULL),('1243770904154169344','0003','四川海底捞餐饮股份有限公司','using',NULL);

/*!40101 SET SQL_MODE=@OLD_SQL_MODE */;
/*!40014 SET FOREIGN_KEY_CHECKS=@OLD_FOREIGN_KEY_CHECKS */;
/*!40014 SET UNIQUE_CHECKS=@OLD_UNIQUE_CHECKS */;
/*!40111 SET SQL_NOTES=@OLD_SQL_NOTES */;
